"matchDay","nameHomeClub","nameHomeClubShort","nameAwayClub","nameAwayClubShort","date","shortDate","status","goalsHomeClub","goalsAwayClub"
"1","FC Bayern München","FCB","SV Werder Bremen","BRE","Fr, 26. August 2016 - 20:30","Fr 20:30","FINISHED","6","0"
"1","Borussia Dortmund","BVB","1. FSV Mainz 05","M05","Sa, 27. August 2016 - 15:30","Sa 15:30","FINISHED","2","1"
"1","1. FC Köln","KOE","SV Darmstadt 98","DAR","Sa, 27. August 2016 - 15:30","Sa 15:30","FINISHED","2","0"
"1","FC Augsburg","FCA","VfL Wolfsburg","WOB","Sa, 27. August 2016 - 15:30","Sa 15:30","FINISHED","0","2"
"1","Hamburger SV","HSV","FC Ingolstadt 04","FCI","Sa, 27. August 2016 - 15:30","Sa 15:30","FINISHED","1","1"
"1","Eintracht Frankfurt","SGE","FC Schalke 04","S04","Sa, 27. August 2016 - 15:30","Sa 15:30","FINISHED","1","0"
"1","Borussia Mönchengladbach","BMG","Bayer 04 Leverkusen","LEV","Sa, 27. August 2016 - 18:30","Sa 18:30","FINISHED","2","1"
"1","Hertha BSC","BSC","SC Freiburg","SCF","So, 28. August 2016 - 15:30","So 15:30","FINISHED","2","1"
"1","TSG 1899 Hoffenheim","HOF","Red Bull Leipzig","RBL","So, 28. August 2016 - 17:30","So 17:30","FINISHED","2","2"
"2","FC Schalke 04","S04","FC Bayern München","FCB","Fr, 09. September 2016 - 20:30","Fr 20:30","FINISHED","0","2"
"2","Bayer 04 Leverkusen","LEV","Hamburger SV","HSV","Sa, 10. September 2016 - 15:30","Sa 15:30","FINISHED","3","1"
"2","SV Darmstadt 98","DAR","Eintracht Frankfurt","SGE","Sa, 10. September 2016 - 15:30","Sa 15:30","FINISHED","1","0"
"2","SC Freiburg","SCF","Borussia Mönchengladbach","BMG","Sa, 10. September 2016 - 15:30","Sa 15:30","FINISHED","3","1"
"2","FC Ingolstadt 04","FCI","Hertha BSC","BSC","Sa, 10. September 2016 - 15:30","Sa 15:30","FINISHED","0","2"
"2","VfL Wolfsburg","WOB","1. FC Köln","KOE","Sa, 10. September 2016 - 15:30","Sa 15:30","FINISHED","0","0"
"2","Red Bull Leipzig","RBL","Borussia Dortmund","BVB","Sa, 10. September 2016 - 18:30","Sa 18:30","FINISHED","1","0"
"2","SV Werder Bremen","BRE","FC Augsburg","FCA","So, 11. September 2016 - 15:30","So 15:30","FINISHED","1","2"
"2","1. FSV Mainz 05","M05","TSG 1899 Hoffenheim","HOF","So, 11. September 2016 - 17:30","So 17:30","FINISHED","4","4"
"3","1. FC Köln","KOE","SC Freiburg","SCF","Fr, 16. September 2016 - 20:30","Fr 20:30","FINISHED","3","0"
"3","TSG 1899 Hoffenheim","HOF","VfL Wolfsburg","WOB","Sa, 17. September 2016 - 15:30","Sa 15:30","FINISHED","0","0"
"3","FC Bayern München","FCB","FC Ingolstadt 04","FCI","Sa, 17. September 2016 - 15:30","Sa 15:30","FINISHED","3","1"
"3","Hamburger SV","HSV","Red Bull Leipzig","RBL","Sa, 17. September 2016 - 15:30","Sa 15:30","FINISHED","0","4"
"3","Eintracht Frankfurt","SGE","Bayer 04 Leverkusen","LEV","Sa, 17. September 2016 - 15:30","Sa 15:30","FINISHED","2","1"
"3","Borussia Dortmund","BVB","SV Darmstadt 98","DAR","Sa, 17. September 2016 - 15:30","Sa 15:30","FINISHED","6","0"
"3","Borussia Mönchengladbach","BMG","SV Werder Bremen","BRE","Sa, 17. September 2016 - 18:30","Sa 18:30","FINISHED","4","1"
"3","FC Augsburg","FCA","1. FSV Mainz 05","M05","So, 18. September 2016 - 15:30","So 15:30","FINISHED","1","3"
"3","Hertha BSC","BSC","FC Schalke 04","S04","So, 18. September 2016 - 17:30","So 17:30","FINISHED","2","0"
"4","VfL Wolfsburg","WOB","Borussia Dortmund","BVB","Di, 20. September 2016 - 20:00","Di 20:00","FINISHED","1","5"
"4","SV Darmstadt 98","DAR","TSG 1899 Hoffenheim","HOF","Di, 20. September 2016 - 20:00","Di 20:00","FINISHED","1","1"
"4","FC Ingolstadt 04","FCI","Eintracht Frankfurt","SGE","Di, 20. September 2016 - 20:00","Di 20:00","FINISHED","0","2"
"4","SC Freiburg","SCF","Hamburger SV","HSV","Di, 20. September 2016 - 20:00","Di 20:00","FINISHED","1","0"
"4","Bayer 04 Leverkusen","LEV","FC Augsburg","FCA","Mi, 21. September 2016 - 20:00","Mi 20:00","FINISHED","0","0"
"4","FC Bayern München","FCB","Hertha BSC","BSC","Mi, 21. September 2016 - 20:00","Mi 20:00","FINISHED","3","0"
"4","Red Bull Leipzig","RBL","Borussia Mönchengladbach","BMG","Mi, 21. September 2016 - 20:00","Mi 20:00","FINISHED","1","1"
"4","FC Schalke 04","S04","1. FC Köln","KOE","Mi, 21. September 2016 - 20:00","Mi 20:00","FINISHED","1","3"
"4","SV Werder Bremen","BRE","1. FSV Mainz 05","M05","Mi, 21. September 2016 - 20:00","Mi 20:00","FINISHED","1","2"
"5","Borussia Dortmund","BVB","SC Freiburg","SCF","Fr, 23. September 2016 - 20:30","Fr 20:30","FINISHED","3","1"
"5","1. FSV Mainz 05","M05","Bayer 04 Leverkusen","LEV","Sa, 24. September 2016 - 15:30","Sa 15:30","FINISHED","2","3"
"5","FC Augsburg","FCA","SV Darmstadt 98","DAR","Sa, 24. September 2016 - 15:30","Sa 15:30","FINISHED","1","0"
"5","Hamburger SV","HSV","FC Bayern München","FCB","Sa, 24. September 2016 - 15:30","Sa 15:30","FINISHED","0","1"
"5","Eintracht Frankfurt","SGE","Hertha BSC","BSC","Sa, 24. September 2016 - 15:30","Sa 15:30","FINISHED","3","3"
"5","Borussia Mönchengladbach","BMG","FC Ingolstadt 04","FCI","Sa, 24. September 2016 - 15:30","Sa 15:30","FINISHED","2","0"
"5","SV Werder Bremen","BRE","VfL Wolfsburg","WOB","Sa, 24. September 2016 - 18:30","Sa 18:30","FINISHED","2","1"
"5","TSG 1899 Hoffenheim","HOF","FC Schalke 04","S04","So, 25. September 2016 - 15:30","So 15:30","FINISHED","2","1"
"5","1. FC Köln","KOE","Red Bull Leipzig","RBL","So, 25. September 2016 - 17:30","So 17:30","FINISHED","1","1"
"6","Red Bull Leipzig","RBL","FC Augsburg","FCA","Fr, 30. September 2016 - 20:30","Fr 20:30","FINISHED","2","1"
"6","SV Darmstadt 98","DAR","SV Werder Bremen","BRE","Sa, 01. Oktober 2016 - 15:30","Sa 15:30","FINISHED","2","2"
"6","SC Freiburg","SCF","Eintracht Frankfurt","SGE","Sa, 01. Oktober 2016 - 15:30","Sa 15:30","FINISHED","1","0"
"6","Hertha BSC","BSC","Hamburger SV","HSV","Sa, 01. Oktober 2016 - 15:30","Sa 15:30","FINISHED","2","0"
"6","FC Ingolstadt 04","FCI","TSG 1899 Hoffenheim","HOF","Sa, 01. Oktober 2016 - 15:30","Sa 15:30","FINISHED","1","2"
"6","FC Bayern München","FCB","1. FC Köln","KOE","Sa, 01. Oktober 2016 - 15:30","Sa 15:30","FINISHED","1","1"
"6","Bayer 04 Leverkusen","LEV","Borussia Dortmund","BVB","Sa, 01. Oktober 2016 - 18:30","Sa 18:30","FINISHED","2","0"
"6","VfL Wolfsburg","WOB","1. FSV Mainz 05","M05","So, 02. Oktober 2016 - 15:30","So 15:30","FINISHED","0","0"
"6","FC Schalke 04","S04","Borussia Mönchengladbach","BMG","So, 02. Oktober 2016 - 17:30","So 17:30","FINISHED","4","0"
"7","Borussia Dortmund","BVB","Hertha BSC","BSC","Fr, 14. Oktober 2016 - 20:30","Fr 20:30","FINISHED","1","1"
"7","FC Augsburg","FCA","FC Schalke 04","S04","Sa, 15. Oktober 2016 - 15:30","Sa 15:30","FINISHED","1","1"
"7","Borussia Mönchengladbach","BMG","Hamburger SV","HSV","Sa, 15. Oktober 2016 - 15:30","Sa 15:30","FINISHED","0","0"
"7","1. FC Köln","KOE","FC Ingolstadt 04","FCI","Sa, 15. Oktober 2016 - 15:30","Sa 15:30","FINISHED","2","1"
"7","Eintracht Frankfurt","SGE","FC Bayern München","FCB","Sa, 15. Oktober 2016 - 15:30","Sa 15:30","FINISHED","2","2"
"7","TSG 1899 Hoffenheim","HOF","SC Freiburg","SCF","Sa, 15. Oktober 2016 - 15:30","Sa 15:30","FINISHED","2","1"
"7","SV Werder Bremen","BRE","Bayer 04 Leverkusen","LEV","Sa, 15. Oktober 2016 - 18:30","Sa 18:30","FINISHED","2","1"
"7","1. FSV Mainz 05","M05","SV Darmstadt 98","DAR","So, 16. Oktober 2016 - 15:30","So 15:30","FINISHED","2","1"
"7","VfL Wolfsburg","WOB","Red Bull Leipzig","RBL","So, 16. Oktober 2016 - 17:30","So 17:30","FINISHED","0","1"
"8","Hamburger SV","HSV","Eintracht Frankfurt","SGE","Fr, 21. Oktober 2016 - 20:30","Fr 20:30","TIMED","-","-"
"8","SV Darmstadt 98","DAR","VfL Wolfsburg","WOB","Sa, 22. Oktober 2016 - 15:30","Sa 15:30","SCHEDULED","-","-"
"8","FC Ingolstadt 04","FCI","Borussia Dortmund","BVB","Sa, 22. Oktober 2016 - 15:30","Sa 15:30","SCHEDULED","-","-"
"8","Hertha BSC","BSC","1. FC Köln","KOE","Sa, 22. Oktober 2016 - 15:30","Sa 15:30","SCHEDULED","-","-"
"8","Bayer 04 Leverkusen","LEV","TSG 1899 Hoffenheim","HOF","Sa, 22. Oktober 2016 - 15:30","Sa 15:30","SCHEDULED","-","-"
"8","SC Freiburg","SCF","FC Augsburg","FCA","Sa, 22. Oktober 2016 - 15:30","Sa 15:30","SCHEDULED","-","-"
"8","FC Bayern München","FCB","Borussia Mönchengladbach","BMG","Sa, 22. Oktober 2016 - 18:30","Sa 18:30","SCHEDULED","-","-"
"8","Red Bull Leipzig","RBL","SV Werder Bremen","BRE","So, 23. Oktober 2016 - 15:30","So 15:30","SCHEDULED","-","-"
"8","FC Schalke 04","S04","1. FSV Mainz 05","M05","So, 23. Oktober 2016 - 17:30","So 17:30","SCHEDULED","-","-"
"9","Borussia Mönchengladbach","BMG","Eintracht Frankfurt","SGE","Fr, 28. Oktober 2016 - 20:30","Fr 20:30","SCHEDULED","-","-"
"9","FC Augsburg","FCA","FC Bayern München","FCB","Sa, 29. Oktober 2016 - 15:30","Sa 15:30","SCHEDULED","-","-"
"9","SV Darmstadt 98","DAR","Red Bull Leipzig","RBL","Sa, 29. Oktober 2016 - 15:30","Sa 15:30","SCHEDULED","-","-"
"9","VfL Wolfsburg","WOB","Bayer 04 Leverkusen","LEV","Sa, 29. Oktober 2016 - 15:30","Sa 15:30","SCHEDULED","-","-"
"9","1. FSV Mainz 05","M05","FC Ingolstadt 04","FCI","Sa, 29. Oktober 2016 - 15:30","Sa 15:30","SCHEDULED","-","-"
"9","SV Werder Bremen","BRE","SC Freiburg","SCF","Sa, 29. Oktober 2016 - 15:30","Sa 15:30","SCHEDULED","-","-"
"9","Borussia Dortmund","BVB","FC Schalke 04","S04","Sa, 29. Oktober 2016 - 18:30","Sa 18:30","SCHEDULED","-","-"
"9","TSG 1899 Hoffenheim","HOF","Hertha BSC","BSC","So, 30. Oktober 2016 - 15:30","So 15:30","SCHEDULED","-","-"
"9","1. FC Köln","KOE","Hamburger SV","HSV","So, 30. Oktober 2016 - 17:30","So 17:30","SCHEDULED","-","-"
"10","Hertha BSC","BSC","Borussia Mönchengladbach","BMG","Fr, 04. November 2016 - 20:30","Fr 20:30","SCHEDULED","-","-"
"10","Bayer 04 Leverkusen","LEV","SV Darmstadt 98","DAR","Sa, 05. November 2016 - 15:30","Sa 15:30","SCHEDULED","-","-"
"10","FC Bayern München","FCB","TSG 1899 Hoffenheim","HOF","Sa, 05. November 2016 - 15:30","Sa 15:30","SCHEDULED","-","-"
"10","Hamburger SV","HSV","Borussia Dortmund","BVB","Sa, 05. November 2016 - 15:30","Sa 15:30","SCHEDULED","-","-"
"10","FC Ingolstadt 04","FCI","FC Augsburg","FCA","Sa, 05. November 2016 - 15:30","Sa 15:30","SCHEDULED","-","-"
"10","SC Freiburg","SCF","VfL Wolfsburg","WOB","Sa, 05. November 2016 - 15:30","Sa 15:30","SCHEDULED","-","-"
"10","Eintracht Frankfurt","SGE","1. FC Köln","KOE","Sa, 05. November 2016 - 18:30","Sa 18:30","SCHEDULED","-","-"
"10","Red Bull Leipzig","RBL","1. FSV Mainz 05","M05","So, 06. November 2016 - 15:30","So 15:30","SCHEDULED","-","-"
"10","FC Schalke 04","S04","SV Werder Bremen","BRE","So, 06. November 2016 - 17:30","So 17:30","SCHEDULED","-","-"
"11","Bayer 04 Leverkusen","LEV","Red Bull Leipzig","RBL","Fr, 18. November 2016 - 20:30","Fr 20:30","SCHEDULED","-","-"
"11","FC Augsburg","FCA","Hertha BSC","BSC","Sa, 19. November 2016 - 15:30","Sa 15:30","SCHEDULED","-","-"
"11","1. FSV Mainz 05","M05","SC Freiburg","SCF","Sa, 19. November 2016 - 15:30","Sa 15:30","SCHEDULED","-","-"
"11","Borussia Mönchengladbach","BMG","1. FC Köln","KOE","Sa, 19. November 2016 - 15:30","Sa 15:30","SCHEDULED","-","-"
"11","SV Darmstadt 98","DAR","FC Ingolstadt 04","FCI","Sa, 19. November 2016 - 15:30","Sa 15:30","SCHEDULED","-","-"
"11","VfL Wolfsburg","WOB","FC Schalke 04","S04","Sa, 19. November 2016 - 15:30","Sa 15:30","SCHEDULED","-","-"
"11","Borussia Dortmund","BVB","FC Bayern München","FCB","Sa, 19. November 2016 - 18:30","Sa 18:30","SCHEDULED","-","-"
"11","TSG 1899 Hoffenheim","HOF","Hamburger SV","HSV","So, 20. November 2016 - 15:30","So 15:30","SCHEDULED","-","-"
"11","SV Werder Bremen","BRE","Eintracht Frankfurt","SGE","So, 20. November 2016 - 17:30","So 17:30","SCHEDULED","-","-"
"12","SC Freiburg","SCF","Red Bull Leipzig","RBL","Fr, 25. November 2016 - 20:30","Fr 20:30","SCHEDULED","-","-"
"12","Borussia Mönchengladbach","BMG","TSG 1899 Hoffenheim","HOF","Sa, 26. November 2016 - 15:30","Sa 15:30","SCHEDULED","-","-"
"12","Eintracht Frankfurt","SGE","Borussia Dortmund","BVB","Sa, 26. November 2016 - 15:30","Sa 15:30","SCHEDULED","-","-"
"12","Hamburger SV","HSV","SV Werder Bremen","BRE","Sa, 26. November 2016 - 15:30","Sa 15:30","SCHEDULED","-","-"
"12","FC Ingolstadt 04","FCI","VfL Wolfsburg","WOB","Sa, 26. November 2016 - 15:30","Sa 15:30","SCHEDULED","-","-"
"12","1. FC Köln","KOE","FC Augsburg","FCA","Sa, 26. November 2016 - 15:30","Sa 15:30","SCHEDULED","-","-"
"12","FC Bayern München","FCB","Bayer 04 Leverkusen","LEV","Sa, 26. November 2016 - 18:30","Sa 18:30","SCHEDULED","-","-"
"12","FC Schalke 04","S04","SV Darmstadt 98","DAR","So, 27. November 2016 - 15:30","So 15:30","SCHEDULED","-","-"
"12","Hertha BSC","BSC","1. FSV Mainz 05","M05","So, 27. November 2016 - 17:30","So 17:30","SCHEDULED","-","-"
"13","FC Augsburg","FCA","Eintracht Frankfurt","SGE","So, 04. Dezember 2016 - 17:30","So 17:30","SCHEDULED","-","-"
"13","Borussia Dortmund","BVB","Borussia Mönchengladbach","BMG","Sa, 03. Dezember 2016 - 15:30","Sa 15:30","SCHEDULED","-","-"
"13","Bayer 04 Leverkusen","LEV","SC Freiburg","SCF","Sa, 03. Dezember 2016 - 15:30","Sa 15:30","SCHEDULED","-","-"
"13","SV Darmstadt 98","DAR","Hamburger SV","HSV","So, 04. Dezember 2016 - 15:30","So 15:30","SCHEDULED","-","-"
"13","TSG 1899 Hoffenheim","HOF","1. FC Köln","KOE","Sa, 03. Dezember 2016 - 15:30","Sa 15:30","SCHEDULED","-","-"
"13","1. FSV Mainz 05","M05","FC Bayern München","FCB","Fr, 02. Dezember 2016 - 20:30","Fr 20:30","SCHEDULED","-","-"
"13","Red Bull Leipzig","RBL","FC Schalke 04","S04","Sa, 03. Dezember 2016 - 18:30","Sa 18:30","SCHEDULED","-","-"
"13","SV Werder Bremen","BRE","FC Ingolstadt 04","FCI","Sa, 03. Dezember 2016 - 15:30","Sa 15:30","SCHEDULED","-","-"
"13","VfL Wolfsburg","WOB","Hertha BSC","BSC","Sa, 03. Dezember 2016 - 15:30","Sa 15:30","SCHEDULED","-","-"
"14","FC Bayern München","FCB","VfL Wolfsburg","WOB","Sa, 10. Dezember 2016 - 15:30","Sa 15:30","SCHEDULED","-","-"
"14","Borussia Mönchengladbach","BMG","1. FSV Mainz 05","M05","So, 11. Dezember 2016 - 15:30","So 15:30","SCHEDULED","-","-"
"14","Eintracht Frankfurt","SGE","TSG 1899 Hoffenheim","HOF","Fr, 09. Dezember 2016 - 20:30","Fr 20:30","SCHEDULED","-","-"
"14","SC Freiburg","SCF","SV Darmstadt 98","DAR","Sa, 10. Dezember 2016 - 15:30","Sa 15:30","SCHEDULED","-","-"
"14","Hamburger SV","HSV","FC Augsburg","FCA","Sa, 10. Dezember 2016 - 15:30","Sa 15:30","SCHEDULED","-","-"
"14","Hertha BSC","BSC","SV Werder Bremen","BRE","Sa, 10. Dezember 2016 - 18:30","Sa 18:30","SCHEDULED","-","-"
"14","FC Ingolstadt 04","FCI","Red Bull Leipzig","RBL","Sa, 10. Dezember 2016 - 15:30","Sa 15:30","SCHEDULED","-","-"
"14","1. FC Köln","KOE","Borussia Dortmund","BVB","Sa, 10. Dezember 2016 - 15:30","Sa 15:30","SCHEDULED","-","-"
"14","FC Schalke 04","S04","Bayer 04 Leverkusen","LEV","So, 11. Dezember 2016 - 17:30","So 17:30","SCHEDULED","-","-"
"15","FC Augsburg","FCA","Borussia Mönchengladbach","BMG","Sa, 17. Dezember 2016 - 15:30","Sa 15:30","SCHEDULED","-","-"
"15","Bayer 04 Leverkusen","LEV","FC Ingolstadt 04","FCI","So, 18. Dezember 2016 - 17:30","So 17:30","SCHEDULED","-","-"
"15","SV Darmstadt 98","DAR","FC Bayern München","FCB","So, 18. Dezember 2016 - 15:30","So 15:30","SCHEDULED","-","-"
"15","TSG 1899 Hoffenheim","HOF","Borussia Dortmund","BVB","Fr, 16. Dezember 2016 - 20:30","Fr 20:30","SCHEDULED","-","-"
"15","1. FSV Mainz 05","M05","Hamburger SV","HSV","Sa, 17. Dezember 2016 - 15:30","Sa 15:30","SCHEDULED","-","-"
"15","Red Bull Leipzig","RBL","Hertha BSC","BSC","Sa, 17. Dezember 2016 - 15:30","Sa 15:30","SCHEDULED","-","-"
"15","FC Schalke 04","S04","SC Freiburg","SCF","Sa, 17. Dezember 2016 - 15:30","Sa 15:30","SCHEDULED","-","-"
"15","SV Werder Bremen","BRE","1. FC Köln","KOE","Sa, 17. Dezember 2016 - 15:30","Sa 15:30","SCHEDULED","-","-"
"15","VfL Wolfsburg","WOB","Eintracht Frankfurt","SGE","Sa, 17. Dezember 2016 - 18:30","Sa 18:30","SCHEDULED","-","-"
"16","FC Bayern München","FCB","Red Bull Leipzig","RBL","Mi, 21. Dezember 2016 - 20:00","Mi 20:00","SCHEDULED","-","-"
"16","Borussia Dortmund","BVB","FC Augsburg","FCA","Di, 20. Dezember 2016 - 20:00","Di 20:00","SCHEDULED","-","-"
"16","Borussia Mönchengladbach","BMG","VfL Wolfsburg","WOB","Di, 20. Dezember 2016 - 20:00","Di 20:00","SCHEDULED","-","-"
"16","Eintracht Frankfurt","SGE","1. FSV Mainz 05","M05","Di, 20. Dezember 2016 - 20:00","Di 20:00","SCHEDULED","-","-"
"16","Hamburger SV","HSV","FC Schalke 04","S04","Di, 20. Dezember 2016 - 20:00","Di 20:00","SCHEDULED","-","-"
"16","Hertha BSC","BSC","SV Darmstadt 98","DAR","Mi, 21. Dezember 2016 - 20:00","Mi 20:00","SCHEDULED","-","-"
"16","TSG 1899 Hoffenheim","HOF","SV Werder Bremen","BRE","Mi, 21. Dezember 2016 - 20:00","Mi 20:00","SCHEDULED","-","-"
"16","FC Ingolstadt 04","FCI","SC Freiburg","SCF","Mi, 21. Dezember 2016 - 20:00","Mi 20:00","SCHEDULED","-","-"
"16","1. FC Köln","KOE","Bayer 04 Leverkusen","LEV","Mi, 21. Dezember 2016 - 20:00","Mi 20:00","SCHEDULED","-","-"
"17","Bayer 04 Leverkusen","LEV","Hertha BSC","BSC","Sa, 21. Januar 2017 - 15:30","Sa 15:30","SCHEDULED","-","-"
"17","SV Darmstadt 98","DAR","Borussia Mönchengladbach","BMG","Sa, 21. Januar 2017 - 15:30","Sa 15:30","SCHEDULED","-","-"
"17","SC Freiburg","SCF","FC Bayern München","FCB","Sa, 21. Januar 2017 - 15:30","Sa 15:30","SCHEDULED","-","-"
"17","1. FSV Mainz 05","M05","1. FC Köln","KOE","Sa, 21. Januar 2017 - 15:30","Sa 15:30","SCHEDULED","-","-"
"17","Red Bull Leipzig","RBL","Eintracht Frankfurt","SGE","Sa, 21. Januar 2017 - 15:30","Sa 15:30","SCHEDULED","-","-"
"17","FC Schalke 04","S04","FC Ingolstadt 04","FCI","Sa, 21. Januar 2017 - 15:30","Sa 15:30","SCHEDULED","-","-"
"17","SV Werder Bremen","BRE","Borussia Dortmund","BVB","Sa, 21. Januar 2017 - 15:30","Sa 15:30","SCHEDULED","-","-"
"17","VfL Wolfsburg","WOB","Hamburger SV","HSV","Sa, 21. Januar 2017 - 15:30","Sa 15:30","SCHEDULED","-","-"
"17","FC Augsburg","FCA","TSG 1899 Hoffenheim","HOF","Sa, 21. Januar 2017 - 15:30","Sa 15:30","SCHEDULED","-","-"
"18","VfL Wolfsburg","WOB","FC Augsburg","FCA","Sa, 28. Januar 2017 - 15:30","Sa 15:30","SCHEDULED","-","-"
"18","Bayer 04 Leverkusen","LEV","Borussia Mönchengladbach","BMG","Sa, 28. Januar 2017 - 15:30","Sa 15:30","SCHEDULED","-","-"
"18","SV Darmstadt 98","DAR","1. FC Köln","KOE","Sa, 28. Januar 2017 - 15:30","Sa 15:30","SCHEDULED","-","-"
"18","SC Freiburg","SCF","Hertha BSC","BSC","Sa, 28. Januar 2017 - 15:30","Sa 15:30","SCHEDULED","-","-"
"18","FC Ingolstadt 04","FCI","Hamburger SV","HSV","Sa, 28. Januar 2017 - 15:30","Sa 15:30","SCHEDULED","-","-"
"18","1. FSV Mainz 05","M05","Borussia Dortmund","BVB","Sa, 28. Januar 2017 - 15:30","Sa 15:30","SCHEDULED","-","-"
"18","Red Bull Leipzig","RBL","TSG 1899 Hoffenheim","HOF","Sa, 28. Januar 2017 - 15:30","Sa 15:30","SCHEDULED","-","-"
"18","FC Schalke 04","S04","Eintracht Frankfurt","SGE","Sa, 28. Januar 2017 - 15:30","Sa 15:30","SCHEDULED","-","-"
"18","SV Werder Bremen","BRE","FC Bayern München","FCB","Sa, 28. Januar 2017 - 15:30","Sa 15:30","SCHEDULED","-","-"
"19","FC Augsburg","FCA","SV Werder Bremen","BRE","Sa, 04. Februar 2017 - 15:30","Sa 15:30","SCHEDULED","-","-"
"19","FC Bayern München","FCB","FC Schalke 04","S04","Sa, 04. Februar 2017 - 15:30","Sa 15:30","SCHEDULED","-","-"
"19","Borussia Dortmund","BVB","Red Bull Leipzig","RBL","Sa, 04. Februar 2017 - 15:30","Sa 15:30","SCHEDULED","-","-"
"19","Borussia Mönchengladbach","BMG","SC Freiburg","SCF","Sa, 04. Februar 2017 - 15:30","Sa 15:30","SCHEDULED","-","-"
"19","Eintracht Frankfurt","SGE","SV Darmstadt 98","DAR","Sa, 04. Februar 2017 - 15:30","Sa 15:30","SCHEDULED","-","-"
"19","Hamburger SV","HSV","Bayer 04 Leverkusen","LEV","Sa, 04. Februar 2017 - 15:30","Sa 15:30","SCHEDULED","-","-"
"19","Hertha BSC","BSC","FC Ingolstadt 04","FCI","Sa, 04. Februar 2017 - 15:30","Sa 15:30","SCHEDULED","-","-"
"19","TSG 1899 Hoffenheim","HOF","1. FSV Mainz 05","M05","Sa, 04. Februar 2017 - 15:30","Sa 15:30","SCHEDULED","-","-"
"19","1. FC Köln","KOE","VfL Wolfsburg","WOB","Sa, 04. Februar 2017 - 15:30","Sa 15:30","SCHEDULED","-","-"
"20","Bayer 04 Leverkusen","LEV","Eintracht Frankfurt","SGE","Sa, 11. Februar 2017 - 15:30","Sa 15:30","SCHEDULED","-","-"
"20","SV Darmstadt 98","DAR","Borussia Dortmund","BVB","Sa, 11. Februar 2017 - 15:30","Sa 15:30","SCHEDULED","-","-"
"20","SC Freiburg","SCF","1. FC Köln","KOE","Sa, 11. Februar 2017 - 15:30","Sa 15:30","SCHEDULED","-","-"
"20","FC Ingolstadt 04","FCI","FC Bayern München","FCB","Sa, 11. Februar 2017 - 15:30","Sa 15:30","SCHEDULED","-","-"
"20","1. FSV Mainz 05","M05","FC Augsburg","FCA","Sa, 11. Februar 2017 - 15:30","Sa 15:30","SCHEDULED","-","-"
"20","Red Bull Leipzig","RBL","Hamburger SV","HSV","Sa, 11. Februar 2017 - 15:30","Sa 15:30","SCHEDULED","-","-"
"20","FC Schalke 04","S04","Hertha BSC","BSC","Sa, 11. Februar 2017 - 15:30","Sa 15:30","SCHEDULED","-","-"
"20","SV Werder Bremen","BRE","Borussia Mönchengladbach","BMG","Sa, 11. Februar 2017 - 15:30","Sa 15:30","SCHEDULED","-","-"
"20","VfL Wolfsburg","WOB","TSG 1899 Hoffenheim","HOF","Sa, 11. Februar 2017 - 15:30","Sa 15:30","SCHEDULED","-","-"
"21","FC Augsburg","FCA","Bayer 04 Leverkusen","LEV","Sa, 18. Februar 2017 - 15:30","Sa 15:30","SCHEDULED","-","-"
"21","Borussia Dortmund","BVB","VfL Wolfsburg","WOB","Sa, 18. Februar 2017 - 15:30","Sa 15:30","SCHEDULED","-","-"
"21","Borussia Mönchengladbach","BMG","Red Bull Leipzig","RBL","Sa, 18. Februar 2017 - 15:30","Sa 15:30","SCHEDULED","-","-"
"21","Eintracht Frankfurt","SGE","FC Ingolstadt 04","FCI","Sa, 18. Februar 2017 - 15:30","Sa 15:30","SCHEDULED","-","-"
"21","Hamburger SV","HSV","SC Freiburg","SCF","Sa, 18. Februar 2017 - 15:30","Sa 15:30","SCHEDULED","-","-"
"21","Hertha BSC","BSC","FC Bayern München","FCB","Sa, 18. Februar 2017 - 15:30","Sa 15:30","SCHEDULED","-","-"
"21","TSG 1899 Hoffenheim","HOF","SV Darmstadt 98","DAR","Sa, 18. Februar 2017 - 15:30","Sa 15:30","SCHEDULED","-","-"
"21","1. FC Köln","KOE","FC Schalke 04","S04","Sa, 18. Februar 2017 - 15:30","Sa 15:30","SCHEDULED","-","-"
"21","1. FSV Mainz 05","M05","SV Werder Bremen","BRE","Sa, 18. Februar 2017 - 15:30","Sa 15:30","SCHEDULED","-","-"
"22","Bayer 04 Leverkusen","LEV","1. FSV Mainz 05","M05","Sa, 25. Februar 2017 - 15:30","Sa 15:30","SCHEDULED","-","-"
"22","FC Bayern München","FCB","Hamburger SV","HSV","Sa, 25. Februar 2017 - 15:30","Sa 15:30","SCHEDULED","-","-"
"22","SV Darmstadt 98","DAR","FC Augsburg","FCA","Sa, 25. Februar 2017 - 15:30","Sa 15:30","SCHEDULED","-","-"
"22","SC Freiburg","SCF","Borussia Dortmund","BVB","Sa, 25. Februar 2017 - 15:30","Sa 15:30","SCHEDULED","-","-"
"22","Hertha BSC","BSC","Eintracht Frankfurt","SGE","Sa, 25. Februar 2017 - 15:30","Sa 15:30","SCHEDULED","-","-"
"22","FC Ingolstadt 04","FCI","Borussia Mönchengladbach","BMG","Sa, 25. Februar 2017 - 15:30","Sa 15:30","SCHEDULED","-","-"
"22","FC Schalke 04","S04","TSG 1899 Hoffenheim","HOF","Sa, 25. Februar 2017 - 15:30","Sa 15:30","SCHEDULED","-","-"
"22","Red Bull Leipzig","RBL","1. FC Köln","KOE","Sa, 25. Februar 2017 - 15:30","Sa 15:30","SCHEDULED","-","-"
"22","VfL Wolfsburg","WOB","SV Werder Bremen","BRE","Sa, 25. Februar 2017 - 15:30","Sa 15:30","SCHEDULED","-","-"
"23","FC Augsburg","FCA","Red Bull Leipzig","RBL","Sa, 04. März 2017 - 15:30","Sa 15:30","SCHEDULED","-","-"
"23","Borussia Dortmund","BVB","Bayer 04 Leverkusen","LEV","Sa, 04. März 2017 - 15:30","Sa 15:30","SCHEDULED","-","-"
"23","Borussia Mönchengladbach","BMG","FC Schalke 04","S04","Sa, 04. März 2017 - 15:30","Sa 15:30","SCHEDULED","-","-"
"23","Eintracht Frankfurt","SGE","SC Freiburg","SCF","Sa, 04. März 2017 - 15:30","Sa 15:30","SCHEDULED","-","-"
"23","Hamburger SV","HSV","Hertha BSC","BSC","Sa, 04. März 2017 - 15:30","Sa 15:30","SCHEDULED","-","-"
"23","TSG 1899 Hoffenheim","HOF","FC Ingolstadt 04","FCI","Sa, 04. März 2017 - 15:30","Sa 15:30","SCHEDULED","-","-"
"23","1. FC Köln","KOE","FC Bayern München","FCB","Sa, 04. März 2017 - 15:30","Sa 15:30","SCHEDULED","-","-"
"23","1. FSV Mainz 05","M05","VfL Wolfsburg","WOB","Sa, 04. März 2017 - 15:30","Sa 15:30","SCHEDULED","-","-"
"23","SV Werder Bremen","BRE","SV Darmstadt 98","DAR","Sa, 04. März 2017 - 15:30","Sa 15:30","SCHEDULED","-","-"
"24","Bayer 04 Leverkusen","LEV","SV Werder Bremen","BRE","Sa, 11. März 2017 - 15:30","Sa 15:30","SCHEDULED","-","-"
"24","FC Bayern München","FCB","Eintracht Frankfurt","SGE","Sa, 11. März 2017 - 15:30","Sa 15:30","SCHEDULED","-","-"
"24","SV Darmstadt 98","DAR","1. FSV Mainz 05","M05","Sa, 11. März 2017 - 15:30","Sa 15:30","SCHEDULED","-","-"
"24","SC Freiburg","SCF","TSG 1899 Hoffenheim","HOF","Sa, 11. März 2017 - 15:30","Sa 15:30","SCHEDULED","-","-"
"24","Hamburger SV","HSV","Borussia Mönchengladbach","BMG","Sa, 11. März 2017 - 15:30","Sa 15:30","SCHEDULED","-","-"
"24","Hertha BSC","BSC","Borussia Dortmund","BVB","Sa, 11. März 2017 - 15:30","Sa 15:30","SCHEDULED","-","-"
"24","FC Ingolstadt 04","FCI","1. FC Köln","KOE","Sa, 11. März 2017 - 15:30","Sa 15:30","SCHEDULED","-","-"
"24","Red Bull Leipzig","RBL","VfL Wolfsburg","WOB","Sa, 11. März 2017 - 15:30","Sa 15:30","SCHEDULED","-","-"
"24","FC Schalke 04","S04","FC Augsburg","FCA","Sa, 11. März 2017 - 15:30","Sa 15:30","SCHEDULED","-","-"
"25","FC Augsburg","FCA","SC Freiburg","SCF","Sa, 18. März 2017 - 15:30","Sa 15:30","SCHEDULED","-","-"
"25","Borussia Dortmund","BVB","FC Ingolstadt 04","FCI","Sa, 18. März 2017 - 15:30","Sa 15:30","SCHEDULED","-","-"
"25","Borussia Mönchengladbach","BMG","FC Bayern München","FCB","Sa, 18. März 2017 - 15:30","Sa 15:30","SCHEDULED","-","-"
"25","Eintracht Frankfurt","SGE","Hamburger SV","HSV","Sa, 18. März 2017 - 15:30","Sa 15:30","SCHEDULED","-","-"
"25","TSG 1899 Hoffenheim","HOF","Bayer 04 Leverkusen","LEV","Sa, 18. März 2017 - 15:30","Sa 15:30","SCHEDULED","-","-"
"25","1. FC Köln","KOE","Hertha BSC","BSC","Sa, 18. März 2017 - 15:30","Sa 15:30","SCHEDULED","-","-"
"25","1. FSV Mainz 05","M05","FC Schalke 04","S04","Sa, 18. März 2017 - 15:30","Sa 15:30","SCHEDULED","-","-"
"25","SV Werder Bremen","BRE","Red Bull Leipzig","RBL","Sa, 18. März 2017 - 15:30","Sa 15:30","SCHEDULED","-","-"
"25","VfL Wolfsburg","WOB","SV Darmstadt 98","DAR","Sa, 18. März 2017 - 15:30","Sa 15:30","SCHEDULED","-","-"
"26","Bayer 04 Leverkusen","LEV","VfL Wolfsburg","WOB","Sa, 01. April 2017 - 15:30","Sa 15:30","SCHEDULED","-","-"
"26","FC Bayern München","FCB","FC Augsburg","FCA","Sa, 01. April 2017 - 15:30","Sa 15:30","SCHEDULED","-","-"
"26","Eintracht Frankfurt","SGE","Borussia Mönchengladbach","BMG","Sa, 01. April 2017 - 15:30","Sa 15:30","SCHEDULED","-","-"
"26","SC Freiburg","SCF","SV Werder Bremen","BRE","Sa, 01. April 2017 - 15:30","Sa 15:30","SCHEDULED","-","-"
"26","Hamburger SV","HSV","1. FC Köln","KOE","Sa, 01. April 2017 - 15:30","Sa 15:30","SCHEDULED","-","-"
"26","Hertha BSC","BSC","TSG 1899 Hoffenheim","HOF","Sa, 01. April 2017 - 15:30","Sa 15:30","SCHEDULED","-","-"
"26","FC Ingolstadt 04","FCI","1. FSV Mainz 05","M05","Sa, 01. April 2017 - 15:30","Sa 15:30","SCHEDULED","-","-"
"26","Red Bull Leipzig","RBL","SV Darmstadt 98","DAR","Sa, 01. April 2017 - 15:30","Sa 15:30","SCHEDULED","-","-"
"26","FC Schalke 04","S04","Borussia Dortmund","BVB","Sa, 01. April 2017 - 15:30","Sa 15:30","SCHEDULED","-","-"
"27","FC Augsburg","FCA","FC Ingolstadt 04","FCI","Mi, 05. April 2017 - 20:00","Mi 20:00","SCHEDULED","-","-"
"27","Borussia Dortmund","BVB","Hamburger SV","HSV","Mi, 05. April 2017 - 20:00","Mi 20:00","SCHEDULED","-","-"
"27","Borussia Mönchengladbach","BMG","Hertha BSC","BSC","Mi, 05. April 2017 - 20:00","Mi 20:00","SCHEDULED","-","-"
"27","SV Darmstadt 98","DAR","Bayer 04 Leverkusen","LEV","Mi, 05. April 2017 - 20:00","Mi 20:00","SCHEDULED","-","-"
"27","TSG 1899 Hoffenheim","HOF","FC Bayern München","FCB","Mi, 05. April 2017 - 20:00","Mi 20:00","SCHEDULED","-","-"
"27","1. FC Köln","KOE","Eintracht Frankfurt","SGE","Mi, 05. April 2017 - 20:00","Mi 20:00","SCHEDULED","-","-"
"27","1. FSV Mainz 05","M05","Red Bull Leipzig","RBL","Mi, 05. April 2017 - 20:00","Mi 20:00","SCHEDULED","-","-"
"27","SV Werder Bremen","BRE","FC Schalke 04","S04","Mi, 05. April 2017 - 20:00","Mi 20:00","SCHEDULED","-","-"
"27","VfL Wolfsburg","WOB","SC Freiburg","SCF","Mi, 05. April 2017 - 20:00","Mi 20:00","SCHEDULED","-","-"
"28","FC Bayern München","FCB","Borussia Dortmund","BVB","Sa, 08. April 2017 - 15:30","Sa 15:30","SCHEDULED","-","-"
"28","Eintracht Frankfurt","SGE","SV Werder Bremen","BRE","Sa, 08. April 2017 - 15:30","Sa 15:30","SCHEDULED","-","-"
"28","SC Freiburg","SCF","1. FSV Mainz 05","M05","Sa, 08. April 2017 - 15:30","Sa 15:30","SCHEDULED","-","-"
"28","Hertha BSC","BSC","FC Augsburg","FCA","Sa, 08. April 2017 - 15:30","Sa 15:30","SCHEDULED","-","-"
"28","FC Ingolstadt 04","FCI","SV Darmstadt 98","DAR","Sa, 08. April 2017 - 15:30","Sa 15:30","SCHEDULED","-","-"
"28","Hamburger SV","HSV","TSG 1899 Hoffenheim","HOF","Sa, 08. April 2017 - 15:30","Sa 15:30","SCHEDULED","-","-"
"28","1. FC Köln","KOE","Borussia Mönchengladbach","BMG","Sa, 08. April 2017 - 15:30","Sa 15:30","SCHEDULED","-","-"
"28","Red Bull Leipzig","RBL","Bayer 04 Leverkusen","LEV","Sa, 08. April 2017 - 15:30","Sa 15:30","SCHEDULED","-","-"
"28","FC Schalke 04","S04","VfL Wolfsburg","WOB","Sa, 08. April 2017 - 15:30","Sa 15:30","SCHEDULED","-","-"
"29","FC Augsburg","FCA","1. FC Köln","KOE","Sa, 15. April 2017 - 15:30","Sa 15:30","SCHEDULED","-","-"
"29","Bayer 04 Leverkusen","LEV","FC Bayern München","FCB","Sa, 15. April 2017 - 15:30","Sa 15:30","SCHEDULED","-","-"
"29","Borussia Dortmund","BVB","Eintracht Frankfurt","SGE","Sa, 15. April 2017 - 15:30","Sa 15:30","SCHEDULED","-","-"
"29","SV Darmstadt 98","DAR","FC Schalke 04","S04","Sa, 15. April 2017 - 15:30","Sa 15:30","SCHEDULED","-","-"
"29","TSG 1899 Hoffenheim","HOF","Borussia Mönchengladbach","BMG","Sa, 15. April 2017 - 15:30","Sa 15:30","SCHEDULED","-","-"
"29","1. FSV Mainz 05","M05","Hertha BSC","BSC","Sa, 15. April 2017 - 15:30","Sa 15:30","SCHEDULED","-","-"
"29","Red Bull Leipzig","RBL","SC Freiburg","SCF","Sa, 15. April 2017 - 15:30","Sa 15:30","SCHEDULED","-","-"
"29","SV Werder Bremen","BRE","Hamburger SV","HSV","Sa, 15. April 2017 - 15:30","Sa 15:30","SCHEDULED","-","-"
"29","VfL Wolfsburg","WOB","FC Ingolstadt 04","FCI","Sa, 15. April 2017 - 15:30","Sa 15:30","SCHEDULED","-","-"
"30","FC Bayern München","FCB","1. FSV Mainz 05","M05","Sa, 22. April 2017 - 15:30","Sa 15:30","SCHEDULED","-","-"
"30","Borussia Mönchengladbach","BMG","Borussia Dortmund","BVB","Sa, 22. April 2017 - 15:30","Sa 15:30","SCHEDULED","-","-"
"30","Eintracht Frankfurt","SGE","FC Augsburg","FCA","Sa, 22. April 2017 - 15:30","Sa 15:30","SCHEDULED","-","-"
"30","SC Freiburg","SCF","Bayer 04 Leverkusen","LEV","Sa, 22. April 2017 - 15:30","Sa 15:30","SCHEDULED","-","-"
"30","Hamburger SV","HSV","SV Darmstadt 98","DAR","Sa, 22. April 2017 - 15:30","Sa 15:30","SCHEDULED","-","-"
"30","Hertha BSC","BSC","VfL Wolfsburg","WOB","Sa, 22. April 2017 - 15:30","Sa 15:30","SCHEDULED","-","-"
"30","FC Ingolstadt 04","FCI","SV Werder Bremen","BRE","Sa, 22. April 2017 - 15:30","Sa 15:30","SCHEDULED","-","-"
"30","1. FC Köln","KOE","TSG 1899 Hoffenheim","HOF","Sa, 22. April 2017 - 15:30","Sa 15:30","SCHEDULED","-","-"
"30","FC Schalke 04","S04","Red Bull Leipzig","RBL","Sa, 22. April 2017 - 15:30","Sa 15:30","SCHEDULED","-","-"
"31","FC Augsburg","FCA","Hamburger SV","HSV","Sa, 29. April 2017 - 15:30","Sa 15:30","SCHEDULED","-","-"
"31","Bayer 04 Leverkusen","LEV","FC Schalke 04","S04","Sa, 29. April 2017 - 15:30","Sa 15:30","SCHEDULED","-","-"
"31","Borussia Dortmund","BVB","1. FC Köln","KOE","Sa, 29. April 2017 - 15:30","Sa 15:30","SCHEDULED","-","-"
"31","SV Darmstadt 98","DAR","SC Freiburg","SCF","Sa, 29. April 2017 - 15:30","Sa 15:30","SCHEDULED","-","-"
"31","TSG 1899 Hoffenheim","HOF","Eintracht Frankfurt","SGE","Sa, 29. April 2017 - 15:30","Sa 15:30","SCHEDULED","-","-"
"31","1. FSV Mainz 05","M05","Borussia Mönchengladbach","BMG","Sa, 29. April 2017 - 15:30","Sa 15:30","SCHEDULED","-","-"
"31","Red Bull Leipzig","RBL","FC Ingolstadt 04","FCI","Sa, 29. April 2017 - 15:30","Sa 15:30","SCHEDULED","-","-"
"31","SV Werder Bremen","BRE","Hertha BSC","BSC","Sa, 29. April 2017 - 15:30","Sa 15:30","SCHEDULED","-","-"
"31","VfL Wolfsburg","WOB","FC Bayern München","FCB","Sa, 29. April 2017 - 15:30","Sa 15:30","SCHEDULED","-","-"
"32","Borussia Dortmund","BVB","TSG 1899 Hoffenheim","HOF","Sa, 06. Mai 2017 - 15:30","Sa 15:30","SCHEDULED","-","-"
"32","FC Bayern München","FCB","SV Darmstadt 98","DAR","Sa, 06. Mai 2017 - 15:30","Sa 15:30","SCHEDULED","-","-"
"32","Borussia Mönchengladbach","BMG","FC Augsburg","FCA","Sa, 06. Mai 2017 - 15:30","Sa 15:30","SCHEDULED","-","-"
"32","Eintracht Frankfurt","SGE","VfL Wolfsburg","WOB","Sa, 06. Mai 2017 - 15:30","Sa 15:30","SCHEDULED","-","-"
"32","SC Freiburg","SCF","FC Schalke 04","S04","Sa, 06. Mai 2017 - 15:30","Sa 15:30","SCHEDULED","-","-"
"32","Hamburger SV","HSV","1. FSV Mainz 05","M05","Sa, 06. Mai 2017 - 15:30","Sa 15:30","SCHEDULED","-","-"
"32","Hertha BSC","BSC","Red Bull Leipzig","RBL","Sa, 06. Mai 2017 - 15:30","Sa 15:30","SCHEDULED","-","-"
"32","FC Ingolstadt 04","FCI","Bayer 04 Leverkusen","LEV","Sa, 06. Mai 2017 - 15:30","Sa 15:30","SCHEDULED","-","-"
"32","1. FC Köln","KOE","SV Werder Bremen","BRE","Sa, 06. Mai 2017 - 15:30","Sa 15:30","SCHEDULED","-","-"
"33","Red Bull Leipzig","RBL","FC Bayern München","FCB","Sa, 13. Mai 2017 - 15:30","Sa 15:30","SCHEDULED","-","-"
"33","FC Augsburg","FCA","Borussia Dortmund","BVB","Sa, 13. Mai 2017 - 15:30","Sa 15:30","SCHEDULED","-","-"
"33","Bayer 04 Leverkusen","LEV","1. FC Köln","KOE","Sa, 13. Mai 2017 - 15:30","Sa 15:30","SCHEDULED","-","-"
"33","SV Darmstadt 98","DAR","Hertha BSC","BSC","Sa, 13. Mai 2017 - 15:30","Sa 15:30","SCHEDULED","-","-"
"33","SC Freiburg","SCF","FC Ingolstadt 04","FCI","Sa, 13. Mai 2017 - 15:30","Sa 15:30","SCHEDULED","-","-"
"33","1. FSV Mainz 05","M05","Eintracht Frankfurt","SGE","Sa, 13. Mai 2017 - 15:30","Sa 15:30","SCHEDULED","-","-"
"33","FC Schalke 04","S04","Hamburger SV","HSV","Sa, 13. Mai 2017 - 15:30","Sa 15:30","SCHEDULED","-","-"
"33","SV Werder Bremen","BRE","TSG 1899 Hoffenheim","HOF","Sa, 13. Mai 2017 - 15:30","Sa 15:30","SCHEDULED","-","-"
"33","VfL Wolfsburg","WOB","Borussia Mönchengladbach","BMG","Sa, 13. Mai 2017 - 15:30","Sa 15:30","SCHEDULED","-","-"
"34","Borussia Dortmund","BVB","SV Werder Bremen","BRE","Sa, 20. Mai 2017 - 15:30","Sa 15:30","SCHEDULED","-","-"
"34","Borussia Mönchengladbach","BMG","SV Darmstadt 98","DAR","Sa, 20. Mai 2017 - 15:30","Sa 15:30","SCHEDULED","-","-"
"34","Eintracht Frankfurt","SGE","Red Bull Leipzig","RBL","Sa, 20. Mai 2017 - 15:30","Sa 15:30","SCHEDULED","-","-"
"34","Hamburger SV","HSV","VfL Wolfsburg","WOB","Sa, 20. Mai 2017 - 15:30","Sa 15:30","SCHEDULED","-","-"
"34","Hertha BSC","BSC","Bayer 04 Leverkusen","LEV","Sa, 20. Mai 2017 - 15:30","Sa 15:30","SCHEDULED","-","-"
"34","TSG 1899 Hoffenheim","HOF","FC Augsburg","FCA","Sa, 20. Mai 2017 - 15:30","Sa 15:30","SCHEDULED","-","-"
"34","FC Bayern München","FCB","SC Freiburg","SCF","Sa, 20. Mai 2017 - 15:30","Sa 15:30","SCHEDULED","-","-"
"34","1. FC Köln","KOE","1. FSV Mainz 05","M05","Sa, 20. Mai 2017 - 15:30","Sa 15:30","SCHEDULED","-","-"
"34","FC Ingolstadt 04","FCI","FC Schalke 04","S04","Sa, 20. Mai 2017 - 15:30","Sa 15:30","SCHEDULED","-","-"
